,Unnamed: 0,CODIGO,PLACA,MODELO,MARCA
0,0,1,YNU-2233,,
1,1,2,NYH-0213,CAMINHAO VOLKSWAGEN 24.280,VOLKSWAGEN 24280
2,2,4,VWU-3245,CAMINHÃO VOLKSWAGENS 24.250,VOLKSWAGEN 24.250
3,3,5,UXB-7609,CAMINHÃO VOLKSWAGEN 24.250,VOLKSWAGEN 24.250
4,4,6,IGM-1705,CAMINHÃO VOLKSWAGEN 24.250,VOLKSWAGEN 24.250
5,5,7,ATT-6248,CAMINHÃO VOLKSWAGEN 24.250,VOLKSWAGEN 24.250
6,6,10,GLE-1360,CAMINHÃO VOLKSWAGEN,VOLKSWAGEN
7,7,13,NNL-7032,CAMINHÃO VOLKSWAGEN 24.280,VOLKSWAGEN  24.280
8,8,14,IZY-8653,SR GUERRA,SR GUERRA
9,9,15,WEL-4423,CAMINHÃO VOLKSWAGEN 24.250,VOLKSWAGEN 24.250
10,10,18,HSO-9443,CAMINHÃO TRATOR,VOLKSWAGEN
11,11,19,PBE-4579,CAMINHÃO TRATOR SCANIA,SCANIA
12,12,21,COZ-1896,CAR. SEMI REBOQUE SCANIA RANDON,SCANIA RANDON SRCA
13,13,22,ICS-8249,SCANIA R440  A 6X2,SCANIA R440
14,14,23,BCZ-2608,CAMINHÃO TRATOR SCANIA P 340,SCANIA P 340
15,15,24,NZW-6386,SEMI REBOQUE GUERRA,GUERRA AG GR
16,16,25,QJZ-2927,CAMINHÃO SCANIA,SCANIA
17,17,26,YKW-3452,CAMINHÃO TRATOR MERCEDES BENZ,MERCEDES BENZ
18,18,27,CSN-2769,SEMI REBOQUE LIBRELATTO SRCS 3E,LOIBRELATTO SRCS 3E
19,19,28,QJR-0372,CAMINHÃO TRATOR SCANIA R124,SCANIA R124
20,20,29,DOE-5028,SEMI REBOQUE GUERRA,GUERRA
21,21,30,SCT-6456,CAMINHÃO VOLKSWAGEN 24.250,VOLKSWAGEN 24.250
22,22,31,CTY-2146,SCANIA G400,SCANIA G400
23,23,32,PKX-8680,SEMI REBOQUE FACCHINI,FACCHINI
24,24,33,GUL-1196,SCANIA G380,SCANIA G380
25,25,34,TIG-8116,SEMI REBOQUE RANDON,RANDON
26,26,35,YYU-2914,SCANIA R440,SCANIA R440
27,27,36,WYV-7097,SEMI REBOQUE RANDON,RANDON SR
28,28,37,ZPW-9476,CAMINHÃO TRATOR SCANIA FH12,SCANIA FH12
29,29,38,EMN-7022,SEMI REBOQUE RANDON SR,RANDON
30,30,39,NFT-2613,SCANIA,SCANIA
31,31,40,OEP-8594,SEMI REBOQUE GUERRA,GUERRA
32,32,41,CWL-5965,SCANIA G 380 A 4X2,SCANIA G380
33,33,42,SVR-7399,SEMI REBOQUE LIBRELATTO SRCF,LIBRELATTO
34,34,43,ODH-7943,FORD CARGO 2422,FORD CARGO
35,35,44,YID-5852,SEMI REBOQUE LIBRELATTO,SR LIBRELATTO
36,36,45,PBK-7741,CAMINHÃO VOLVO,VOLVO
37,37,46,BKK-0270,FORD CARGO 4631,FORD
38,38,47,MJI-6729,MERCEDES BENZ 1938,MERCEDES BENZ
39,39,48,LDB-4218,SEMI REBOQUE RANDON,RANDON SR TR
40,40,49,TLH-3378,SCANIA R113,SCANIA R113
41,41,50,ZBD-6382,SEMI REBOQUE RANDON,RANDON
42,42,51,WFQ-2393,CAMINHAO SCANIA R 440 6X2,SCANIA R440
43,43,52,KUP-8507,SEMI REBOQUE LIBRELATTO,LIBRELATTO
44,44,53,KCN-1505,MERCEDES BENZ ATEGO 2426,MERCEDES BENZ ATEGO
45,45,54,REK-3500,SEMI REBOQUE LIBRELATTO,LIBRELATTO
46,46,55,NKW-0098,VOLVO VM 260 6X2R,VOLVO
47,47,56,QEB-3071,SEMI REBOQUE RANDON,RANDON
48,48,57,ETH-6614,VOLVO FH 420,FH 420
49,49,58,TOD-1593,SEMI REBOQUE LIBRALATTO,LIBRELATTO
50,50,59,INX-4641,VOLVO FH 460 6X2,VOLVO
51,51,60,ENR-8605,SEMI REBOQUE LIBRELATTO,LIBRELATTO
52,52,61,DUV-5902,VOLVO FH 460 6X2,VOLVO FH
53,53,62,HTX-6548,SEMI REBOQUE FACHINI SYDER,FACHINI
54,54,63,HBH-4297,CAMINHÃO MAN TGX29.440,VOLKSWAGEN MAN
55,55,64,CCQ-6448,SEMI REBOQUE JARDINOX,JARDINOX
56,56,65,VGU-3109,SEMI REBOQUE GUERRA CHARGER,GUERRA CHARGER
57,57,66,ONQ-5104,SCANIA T112,SCANIA
58,58,67,TLL-2482,SEMI REBOQUE RECRUSUL,RECRUSUL
59,59,68,JKL-3253,SCANIA T113 H 4X2 360,SCANIA T113
60,60,69,AHO-5230,SEMI REBOQUE GUERRA PORTA CONTAINER,GUERRA
61,61,70,UPN-0373,MERCEDES BENZ ATEGO,ATEGO 2426
62,62,71,QXZ-2180,SCANIA R113,SCANIA R113
63,63,72,GXM-3837,SEMI REBOQUE GUERRA,PORTA CONTAINER
64,64,73,MRH-2645,VOLKSWAGEN 24.280,VW 24.280
65,65,74,CQE-1457,SCANIA G380 A 6X2,SCANIA G380
66,66,75,RQE-1243,SEMI REBOQUE GUERRA,GUERRA
67,67,76,BGJ-8297,MERCEDES BENZ ATEGO 2429,MERCEDES ATEGO 2429
68,68,77,WDN-8693,SCANIA T112 HW,SCANIA T112
69,69,78,THJ-2916,SEMI REBOQUE RANDON,RANDON
70,70,79,VOI-6690,SEMI REBOQUE RANDON,RANDON
71,71,80,DCM-6005,MERCEDES BENZ LS 1935,MERCEDES LS 1935
72,72,81,JLC-8469,SEMI REBOQUE RANDON,RANDON
73,73,82,RBJ-7612,SCANIA P114,SCANIA
74,74,83,FGO-3184,SEMI REBOQUE RANDON,RANDON
75,75,84,ZWP-0644,VOLKSWAGEN 24.250,VOLKSWAGEN
76,76,85,OJK-7698,SCANIA T113,SCANIA T113
77,77,86,AQX-7303,SCANIA P114,SCANIA P114
78,78,87,BNX-9665,SEMI REBOQUE RANDON,RANDON
79,79,88,VON-0245,IVECO STRALIS,IVECO STRALYS
80,80,89,HVC-4745,SR LIBRELATTO,LIBRELATTO
81,81,90,PNK-6349,SEMI REBOQUE KRONE,KRONE PRANCHA
82,82,91,UOH-6693,VOLKSWAGEN 25.390,VW 24.390
83,83,92,HJS-4045,SR. RANDON,RANDON
84,84,93,VRO-1648,MERCEDES BENZ 1935,MERCEDES BENZ
85,85,94,QLM-2482,SR RANDON,RANDON
86,86,95,CFX-1317,IVECO STRALIS,IVECO
87,87,96,HKO-5872,SR RANDON,RANDON
88,88,97,ZYV-4545,VOLVO FH 540,VOLVO FH
89,89,98,YPZ-1985,FORD CARGA 2428,FORD CARGA 2428
90,90,99,QAS-4073,VOLVO FH 460 6X2T,VOLVO FH
91,91,100,HNX-7854,SR GUERRA,GUERRA
92,92,101,LBL-2858,CAR CAMINHÃO MAN  29.440,MAN 29.440
93,93,102,AOT-3166,C. TRATOR SCANIA T113,SCANIA
94,94,103,GTA-2207,SEMI REBOQUE RANDON,RANDON
95,95,104,JAQ-1680,SEMI REBOQUE GUERRA,GUERRA
96,96,105,MTC-2479,CAMINHÃO TRATOR VOLVO FH,VOLVO FH
97,97,106,IKG-5492,VOLVO FH 440,VOLVO FH
98,98,107,HWI-8628,SEMI REBOQUE BASCULANTE TRIEL,TRIEL HT
99,99,108,NJN-5433,SCANIA R113 4X2,SCANIA
100,100,109,IMQ-1970,SCANIA,SCANIA
101,101,110,PBO-5921,SEMI REBOQUE,RANDON
102,102,111,JKF-7703,SCANIA T113,SCANIA T113
103,103,112,LJR-1062,SEMI REBOQUE LIBRELATTO,LIBRELATTO
104,104,113,VGS-3225,MERCEDES BENZ AXOR 2544,MERCEDES AXOR
105,105,114,MSV-0769,SEMI REBOQUE FACCHINI SYDER,FACCHINI SYDER
106,106,115,KAZ-5915,VOLKSWAGEN 25.390,VOLKSWAGEN
107,107,116,TMY-0815,SEMI REBOQUE LIBRELATTO,LIBRELATTO
108,108,117,LYR-7787,SR LIBRELATTO SRCS,LIBRELATTO
109,109,118,YJC-3030,CAMINHÃO TRATOR SCANIA R124,SCANIA R124
110,110,119,GPB-3264,SEMI REBOQUE RODOLINEA,RODOLINEA
111,111,120,HOE-9005,SEMI REBOQUE GUERRA,GUERRA
112,112,121,XXP-7398,SCANIA T124,SCANIA
113,113,122,NGA-6636,SEMI REBOQUE RANDON,RANDON
114,114,123,BCU-6540,SCANIA T114,SCANIA T114
115,115,124,SMH-5339,SEMI REBOQUE GUERRA,GUERRA
116,116,125,VXJ-8275,SEMI REBOQUE GUERRA,GUERRA
117,117,126,LXJ-0980,CAMINHÃO TRATOR OVOLVO FH FH 12380,VOLVO FH
118,118,127,ZBH-5531,SEMI REBOQUE RANDON,SR RANDON
119,119,128,DUZ-8900,CAR. CAMINHÃO MERCEDES BENZ,MERCEDES
120,120,129,RRV-5669,SCANIA R124,SCANIA
121,121,130,DZE-6677,SEMI REBOQUE RANDON,RANDON
122,122,131,QUN-7038,VOLKSWAGEN,VOLKSWAGEN
123,123,132,SII-5432,IVECO STRALIHD,IVECO
124,124,133,IXJ-4504,MAN TGX 29.440,VOLKS MAN
125,125,134,CNY-7081,SCANIA R113 H 4X2,SCANIA
126,126,135,PRO-9711,SEMI REBOQUE RANDON,RANDON
127,127,136,PEN-9615,MERCEDES BENZ,MERCEDES
128,128,137,UON-0956,SEMI REBOQUE RANDON,RANDON
129,129,138,LUX-5718,CAMINHÃ?O TRATOR VOLVO NL10 340,VOLVO NL10
130,130,139,UUY-2368,SEMI REBOQUE RANDON,RANDON
131,131,140,NOI-5286,CAMINHÃO TRATOR SCANIA P114,SCANIA P 114
132,132,141,YFT-1229,SEMI REBOQUE RANDON,RANDON
133,133,142,XRM-2544,IVECO STRALIS,IVECO STRALYS
134,134,143,FCR-9712,SR LIBRELATTO,LIBRELATTO
135,135,144,UZT-1592,SR FIBRASIL,FIBRASIL
136,136,145,HDY-3290,CAMINHÃO MERCEDES BENZ,MERCEDES BENZ
137,137,146,KKH-5792,CAMINHÃO TRATOR SCANIA T124,SCANIA T124
138,138,147,VGV-9393,SEMI REBOQUE NOMA,NOMA
139,139,148,LLV-2232,CAMINHAO IVECO STRALYS,IVECO STRALYS
140,140,149,JUJ-3474,SEMI REBOQUE SOUFER,SOUFER
141,141,150,PTL-2337,VOLKSWAGEN 19.320,VW 19.320
142,142,151,GXI-0113,SEMI REBOQUE SCHIFFER,SCHIFFER
143,143,152,UWU-7694,CAMINHÃO TRATOR MERCEDES BENZ 1938,MERCEDES BENZ
144,144,153,GHC-4080,VW 18.310 TITAN,VOLKSWAGEN
145,145,154,AMN-2799,SEMI REBOQUE RANDON,RANDON
146,146,155,UAB-7018,CAM. TRATOR SCANIA R440,SCANIA
147,147,156,XLN-8581,CAR. S/REBOQUERANDON,RANDON
148,148,157,ISU-5897,SCANIA R440,SCANIA
149,149,158,FQW-9890,SEMI REBOQUE SR,SEMI REBOQUE
150,150,159,OSB-4879,IVECO,IVECO
151,151,160,JPM-4717,SEMI REBOQUE FACCHINI,FACCHINI
152,152,161,INH-9540,CAMINHÃO TRATOR R143,SCANIA
153,153,162,BIP-8480,SEMI REBOQUE P. CONTAINER,GUERRA
154,154,163,NZU-1455,SCANIA R124,SCANIA
155,155,164,CHK-1174,SEMI REBOQUE NOMA,NOMA
156,156,165,JHB-3302,CAR/TRATOR IVECO STRALYS,STRALYS
157,157,166,FFS-4502,SEMI REBOQUE GUERRA,SR/GUERRA
158,158,167,JKE-4983,SCANIA R440,SCANIA
159,159,168,WVS-1026,CAM/TRATOR MAN,MAN 28.440
160,160,169,THY-7285,SCANIA R124,SCANIA R124
161,161,170,NYG-3077,SR GUERRA,GUERRA
162,162,171,ICB-1205,SEMI REBOQUE FACCHINI,FACCHINI
163,163,172,OAW-4570,SCANIA R440,SCANIA
164,164,173,BJJ-9057,SCANIA R440,SCANIA
165,165,174,NIS-7922,RANDON SR,RANSON
166,166,175,FGE-9559,VOLVO FH 460 6X2,VOLVO
167,167,176,PWH-5502,SEMI REBOQUE NOMA SR,NOMA
168,168,177,YSC-1763,vw 23220,VW 23220
169,169,178,SIM-7511,car semi reboque,SR LIBRELATO
170,170,179,FOL-5590,SR LIBRELATO SRCS,SR LIBRELATO
171,171,181,VHF-5677,CAR. SEMI REBOQUE NOMA,NOMA
172,172,182,TLV-1829,VW 24.260,VW
173,173,183,RPE-0839,SCANIA G420,SCANIA
174,174,184,QYV-6998,SR RANDON,RANDON
175,175,185,BZM-5135,VOLVO FH 540,VOLVO
176,176,186,ASY-8945,SR FACCHINI,FACCHINI
177,177,187,WNQ-5769,SCANIA R124,SCANIA R124
178,178,188,QOK-8932,IVECO STRALIS 600S44T,IVECO STRALYS
179,179,189,ZLD-2337,SEMI REBOQUE SOUFER,SOUFER
180,180,190,VTR-0845,IVECO STRALYS,IVECO STRALYS
181,181,191,RXD-4663,SCANIA R114,SCANIA R114
182,182,192,ICV-9408,SCANIA T113,SCANIA T113
183,183,193,XYO-1348,SCANIA R114,SCANIA R114
184,184,194,HPU-9238,COM. VW,VOLKSWAGEN
185,185,195,GHE-9689,SCANIA T112,SCANIA
186,186,196,HNP-8485,SR RANDON,RANDON
187,187,197,PTG-1927,VW 24.280 - SYDER,VOLKSWAGEN
188,188,198,VFW-2962,MERCEDES BENZ 1938,MERCEDES
189,189,199,UVM-5684,SEMI REBOQUE GUERRA,GUERRA
190,190,200,SSF-2498,SCANIA R440,SCANIA R440
191,191,201,UJR-2381,SEMI REBOQUE FACCHINI,FACCHINI
192,192,202,JLY-0666,CARGO 2423,CARGA 2423
193,193,203,OOS-2986,MAN TGX 28440,MAN
194,194,204,HQY-7806,GUERRA SYDER,GUERRA
195,195,205,XKF-8296,SCANIA T113,SCANIA
196,196,206,XBH-0246,REB. SAN MARINO,REB. SAN MARINO
197,197,207,PEZ-4311,MERCEDESA BENZ ATEGO,ATEGO
198,198,208,MUM-5510,SCANIA,SCANIA 340
199,199,209,FSP-4213,SEMI REBOQUE RANDON,RANDON
200,200,210,VNT-7308,MERCEDES BENZ AXOR 2540,AXOR 2540
201,201,211,NFE-9848,SR RANDON,RANDON
202,202,212,JAO-9224,MERCEDES BENZ AXOR 2544,MERCEDES BENZ
203,203,213,JWZ-8988,SR LIBRELATTO,SYDER
204,204,214,RLU-3592,MERCEDES,MERCEDES
205,205,215,WLQ-6584,FORD F4000,FORD
206,206,216,DYM-7493,TRA/C. TRATOR VOLVO FH,VOLVO FH
207,207,217,YQK-0400,SEMI REBOQUE C. ABERTA,RANDON
208,208,218,IVL-2165,MERCEDES BENZ,MERCEDES BENZ
209,209,219,JUU-0629,SEMI REBOQUE GUERRA,GUERRA
210,210,220,XTY-0461,VOLVO FH 460,VOLVO FH
211,211,221,IQF-3753,SR RANDON,RANDON
212,212,222,IPA-6631,SEMI REBOQUE GUERRA,GURRA
213,213,223,RUN-9801,MERCEDES BENZ 1944,MERCEDES BENZ
214,214,224,ELY-7412,SEMI REBOQUE SCHIFFER,SCHIFFER
215,215,225,ZYW-3118,SEMI REBOQUE SCHIFFER,SCHIFFER
216,216,226,KLZ-5875,IVECO STRALIS 420,IVECO
217,217,227,QDM-0271,SR LIBRELATO SRCS,LIBRELATO SRCS
218,218,228,OQW-1966,SEMI REBOQUE LIBRELATTO,LIBRELATTO
219,219,229,NNK-1518,MERCEDES BENZ,MERCEDES BENZ
220,220,230,XVR-3311,SR. LIBRELATTO,SR. LIBRELATTO
221,221,231,NBV-9500,VOLVO FH 460,VOLVO
222,222,232,PXO-5574,SR RANDON,RANDON
223,223,233,YLL-2590,VOLVO FH 440,VOLVO
224,224,234,WZG-2811,SR LIBRELATTO,LIBRELATTO
225,225,235,XGF-3664,SCANIA R124,SCANIA
226,226,236,YOF-0514,SR RANDON,RANDON
227,227,237,AWC-5617,SCANIA G 420,SCANIA
228,228,238,LKV-2479,SR RANDON,RANDON
229,229,239,QOD-9832,TRATOR MAN 28.440,MANN
230,230,240,RPY-1753,SR RANDON,RANDON
231,231,241,GXX-3860,SCANIAR124,SCANIA
232,232,242,BOS-5831,SR RANDON,RANDON
233,233,243,KJO-7449,VOLVO FH 440,VOLVO
234,234,244,SZQ-8649,SR RANDON,RANDON
235,235,245,ZCH-0147,RANDON,RANDON
236,236,246,QVS-3893,SCANIA T124,SCANIA
237,237,247,YJZ-9331,SR RANDON,RANDON
238,238,248,QMX-0553,TRA/C TRATOR CAB.EST.,MERCEDZ BENS
239,239,249,DEW-6281,SR GUERRA,GUERRA
240,240,250,FTE-7632,SCANIA R124,SCANIA R124
241,241,251,ABA-3519,SR RANDON PC,RANDON
242,242,252,PIH-5680,VOLVO FH 6X2,VOLVO FH
243,243,253,RGY-1521,SR FACCHINI PC,FACCHINI
244,244,254,MZZ-3205,VOLVO FH 440,VOLVO FH
245,245,255,AJW-1980,RANDON SR PC,RANDON
246,246,256,GUH-9825,SCANIA T112,SCANIA T112
247,247,257,TRG-3339,SR FACCHINI PC,FACCHINI
248,248,258,INC-5309,SCANIA P 340,SCANIA
249,249,259,EHW-6510,SR LIBRELATTO,LIBRELATTO
250,250,260,GVC-0238,VW 24250,VOLKSWAGEN
251,251,261,BKF-8862,SCANIA P340,SCANIA
252,252,262,IPN-2387,SR LIBRELATTO PC,LIBRELATTO PC
253,253,263,IBB-8667,SCANIA R124,SCANIA
254,254,264,DKG-3360,SR RODOLINEA PC,RODOLINEA
255,255,265,XCJ-1482,RANDON,RANDON
256,256,266,SLS-8534,SCANIA R114,SCANIA
257,257,267,VKZ-2884,VOLKSWAGEM 23.220,VOLKS
258,258,268,KCR-1447,IVECO STRALIS,IVECO STRALIS
259,259,269,MZM-7951,SR LIBRELATTO,LIBRELATTO
260,260,270,TSI-9775,SCANIA T112,SCANIA
261,261,271,VWH-0538,RANDON SR,RANDON
262,262,272,QRK-2438,VOLVO NH 12380,VOLVO
263,263,273,QGP-2010,SR RANDON,RANDON
264,264,274,VAO-6127,M. BENZ ATEGO 2430,MERCEDES ATEGO
265,265,275,ZSD-5602,SCANIA,SCANIA
266,266,276,KQZ-6887,SR LIBRELATTO,LIBRELATTO
267,267,277,FQP-1703,FORD CARGO 1622,FORD CARGO
268,268,278,DLZ-2778,MERCEDES BENZ,MERCEDES
269,269,279,GKU-4527,SCANIA G380,SCANIA G380
270,270,280,ELB-9650,SR RANDON,RANDON
271,271,281,HXI-6751,VW 24.280,VOLKSWAGEN
272,272,282,OTJ-0897,FORD CARGO 2842 AT,CARGO
273,273,283,KPQ-2742,SEMI REBOQUE GUERRA,GUERRA
274,274,284,NWV-8735,VOLVO FH 12,VOLVO FH12
275,275,285,KXB-5775,SEMI REBOQUE SCHIFFER,SCHIFFER
276,276,286,IWU-6830,VW 19330,VOLKSWAGEN
277,277,287,EKP-5031,SR RANDON,RANDON
278,278,288,IFQ-3256,SR FACCHINI BTED,FACCHINI TANQUE
279,279,289,RKN-8875,VOLVO FH 460,VOLVO FH
280,280,290,ZTU-8740,SR FACCHINI PCONTAINER,FACCHINI
281,281,291,STI-4012,SCANIA G380,SCANIA
282,282,292,XWQ-6961,SR FACCHINI P. CONTAINER,FACCHINI
283,283,293,LDT-1529,VW25.390,VW 25390
284,284,294,VEV-0378,SR RANDON P.CONTAINER,RANDON
285,285,295,NVO-5797,"TRA/ C TRATOR / CAB. EST,",SR FACCIHINI
286,286,296,MWT-3731,CAR S REBOQUE  CH CTEINER,SR FACCHINI SRP PC
287,287,297,PPX-4675,L 440,SCANIA
288,288,298,GLR-5933,GRANELEIRA,LIBRELATO
289,289,299,WJM-3334,FH 40,VOLVO
290,290,300,UCX-4561,GRANELEIRO,LIBRELATO
291,291,342,FDY-9423,24250,VOLKSWAGEN
292,292,343,VKJ-3079,VOLVO,VOLVO
293,293,344,WYD-8686,RANDON,RANDON
294,294,346,LLJ-7092,RANDON,RANDON
295,295,345,JZR-0492,VOVLO,VOLVO
296,296,347,RLI-0285,VOLVO FH,VOLVO FH
297,297,348,AGN-9616,SR LIBRELATTO, LIBRELATTO
298,298,349,RSY-8259,FH 460 6X2T,VOLVO
299,299,350,QUK-3911,SYDER,RANDON
300,300,351,APH-6567,VOLVO/NHI 2380,VOLVO
301,301,352,XGC-8581,SEMI REBOQUE GUERRA,GUERRA
302,302,353,MAE-9769,SCANIA T113,SCANIA
303,303,354,RFR-6243,TARC/C TRATOR,VOLVO
304,304,355,AHL-4160,TRA/C TRATOR / CAB EST,M. BENZ
305,305,356,XHL-8980,TRA/C TRATOR,VOLVO / FH 440 6X2T
306,306,357,BXN-5824,CAR/S REBOQUE/C. FECHADA,SR/RANDONSP SRFG LO
307,307,358,NBZ-2885,CAR/ CAMINHÃO TANQ/C EST,VW/ 32.280 CRM 6X4
308,308,359,TUX-7717,ACTROS,M. BENZ
309,309,360,NKW-1476,VFH 440 6X2,VOLVO
310,310,361,ARE-6500,RANDON SYDER,RANDON
311,311,362,TAC-0957,FH 460,VOLVO
312,312,363,RFC-0311,SRFG,RANDON
313,313,364,ETC-2932,TRA/C TRATOR,SCANIA
314,314,365,TFR-6266,CAR/S REBOQUE/ C. ABERTA,RANDON
315,315,366,TVY-6980,REB. GUERRA,GUERRA
316,316,367,AKJ-2902,TRA/C. TRATOR /NÃO APLICADO,VOLVO
317,317,369,NTD-3702,VOLVO FH,VOLVO
318,318,368,PTN-8882,CAR/ S REBOQUE / C FECHADA,SR/GUERRA AG ST
319,319,370,XDP-9321,SR LIBRELATTO,LIBRELATTO
320,320,371,LOZ-3160,SCANIA,SCANIA
321,321,372,IGK-5054,RANDON,RANDON
322,322,373,PFC-0691,SCANIA R 440,SCANIA
323,323,375,UCY-8653,IVECO STRALIS,IVECO STRALIS
324,324,301,ZDT-5217,,
325,325,302,QIV-8738,,
326,326,303,GXD-8431,,
327,327,304,SYR-2888,,
328,328,305,PPZ-1085,,
329,329,306,VPW-4905,,
330,330,307,JIO-1567,,
331,331,308,KVR-6935,,
332,332,309,ABF-3734,,
333,333,310,MBA-4679,,
334,334,311,UWY-1692,,
335,335,312,TGL-3778,,
336,336,313,FMU-8060,,
337,337,314,PZV-4712,,
338,338,315,ALO-8640,,
339,339,316,TTW-8483,,
340,340,317,FDO-6191,TRA C. TRATOR,MAN TGX
341,341,318,JOJ-0103,SCANIA R420,SCANIA
342,342,319,VMV-7348,NOMA,NOMA
343,343,320,FIK-8028,NOMA,NOMA
344,344,321,QEG-7673,SCANIA,SCANIA 360
345,345,322,WEA-5321,S. REBOQUE,GUERRA
346,346,323,RIO-6661,CAR/ S REBOQUE /,REB/ RANDON  SR GR T
347,347,324,HGS-4190,TRA/ C TRATOR,VOLVO / FH 400 6X2T
348,348,325,XWV-2335,TRA/ CAMINHÃO,VOLVO
349,349,327,ZMO-8860,TRA/  TRATOR,VOLVO
350,350,328,PTQ-6623,CAR/ S REBOQUE / C ABERTA,SR / GUERA
351,351,326,NWN-0213,CAR/ S REBOQUE / C ABERTA,GUERRA
352,352,330,SJM-3089,TRAC/ C TRATOR / CAB EST,M BENZ  2544 S
353,353,331,ZCI-3178,CAR/ S REBOQUE,SR GUERRA
354,354,329,NMO-0604,TRA/C TRATOR /CAB.EST,M BENZ AXOR 2544 S
355,355,332,TBW-1561,TRA/ C TRATOR,VOLVO
356,356,333,JEV-5759,CAR S REBOQUE,SR / LIBRELATO
357,357,334,DGM-6788,SCANIA T124,SCANIA
358,358,335,REN-8832,RANDON,RANDON
359,359,336,ZZQ-0585,CAR/CAMINHÃO /C ABERTA,M BENZ / L 1518
360,360,338,BXP-9221,,
361,361,339,HYI-2745,,
362,362,337,MJO-9260,MERCEDES,MERCEDES
363,363,340,TWL-1279,GUEERA,GUERRA
364,364,341,XAM-8218,SCANIA,SCANIA
365,365,374,XEL-9571,SR RANDON SYDER,RANDON
366,366,376,YSF-5126,NOMA SR,NOMA
367,367,377,OKH-2883,SR. RANDON,RANDON
368,368,378,LQB-8435,,
369,369,379,YTF-8496,SYDER GUERRA,GUERRA
370,370,380,GYB-9697,VOLVO FH 460,VOLVO
371,371,381,WBE-1090,SCANIA P340,SCANIA
372,372,383,LKW-0734,IVECO TECTOR,IVECO
373,373,382,GLA-6794,SYDER LIBRELATTO,LIBRELATTO
374,374,384,QKF-7302,FORD CARGO,FORD
375,375,388,VKN-5186,ELLFEN,ELLFEN
376,376,385,EXC-1015,IVECO TECTOR,IVECO
377,377,389,QGB-0432,ELLFEN,ELLFEN
378,378,390,POE-0768,VOLVO FH,VOLVO
379,379,391,XLX-5970,RANDON,RANDON
380,380,386,WED-1772,FH460 6X1T,VOLVO
381,381,387,GIM-8939,GRANELEIRO,
382,382,392,SMZ-8601,VOLVO FH 460,FH
383,383,393,OMG-7844,GUERRA,GUERRA
384,384,394,UCC-7809,GUERRA SYDER,GUERRA
385,385,395,EQB-1978,VOLVO FH 460,VOLVO
386,386,396,KRT-9668,TRATOR,MERCEDES
387,387,397,DYH-1236,MERCEDES BENZ 1938,MERCEDES
388,388,398,RNR-9610,SCHIFFER,SCHIFFER
389,389,399,KUH-5589,TRA/C TRATOR CAB EST,SCANIA
390,390,400,QJX-5641,CAR/ S REBOQUE C ABERTA,SR LIBRELATO
391,391,401,MKS-4841,SCANIA R 440,SCANIA
392,392,402,OPE-3446,NOPMA SR 3E27,NOMA
393,393,403,BLB-9650,VOLVO FH,VOLVO
394,394,404,UIY-7076,GUERRA,GUERRA
395,395,405,KIQ-7677,SCANIA,SCANIA
396,396,406,RUD-9313,GUERRA,GUERRA
397,397,407,TNY-9506,SCANIA G400,SCANIA
398,398,408,MST-1042,RANDON,RANDON
399,399,409,QFK-7784,TRAT/ C TRAÇAO NÃO APL,VOLVO
400,400,410,QWF-4706,CAR/ S REBOQUE / C ABERTA,SR GUERRA AG GR
401,401,411,HHT-6367,TRAC /C TRATOR,SCANIA
402,402,412,FKT-9573,CAR/ S REBOQUE / C ABERTA,SR/ GUERRA
403,403,413,NTC-1109,TRA/C TRATOR /,VOLVO
404,404,414,CWA-4696,CAR/ S REBOQUE ABERTA,SR LIBERATO
405,405,415,IJD-6973,TRAC/C TRATOR N/ APLICADA,VOLVO
406,406,615,SJR-2907,RANDON,RANDON
407,407,416,IJV-5516,CAR/ S REBOQUE  C ABERTA,SR NOPIA SR
408,408,417,DVQ-4396,SCANIA T113,SCANIA
409,409,418,ZWM-5792,LIBRELATTO,LIBRELATTO
410,410,419,POS-8791,IVECO EUROCARGO,IVECO
411,411,420,OTA-8365,VOLVO VM 260,VOLVO
412,412,421,ANA-3043,M. BENX,MERCEDES BENZ
413,413,423,FYY-8340,SCANIA R124,SCANIA
414,414,422,PBM-4967,RANDON,RANDON
415,415,424,KSC-4365,RANDON,RANDON
416,416,425,KFQ-0461,TRAC/ C TRATOR,M. BENZ / AXOR 2544
417,417,426,JDU-2269,CA/ S. REB ABERTA,SR/LIBRELATO SRCS 3E
418,418,427,RGT-8764,VOLVO FH 460,VOLVO
419,419,428,EYL-9607,SR GUERRA,GUERRA
420,420,429,ZNL-3520,IVECO,IVECO STRALIS
421,421,430,BUA-3839,LIBRELATTO,LIBRELATTO
422,422,431,EHU-4892,SR GUERRA,GUERRA
423,423,432,ASK-7754,VOLVO FH 460,VOLVO
424,424,433,FUT-3215,TRAC /C TRATOR,VOLVO
425,425,434,PXV-1688,SR NOMA,NOMA
426,426,435,BBR-8248,TRA /C TRATOR /,DAF XF 105 FTS 460A
427,427,436,IVV-4633,CAR / S REBOQUE,
428,428,437,DLS-9281,TRAC/ C TRATORCAB EST,
429,429,438,OZD-5584,CAR/ S REBOQUE  ABERTA,SR LIBRELATO
430,430,439,FUW-4315,TRA/C TRATOR,SCANIA
431,431,440,DRD-8034,CAR/ S REBOQUE,SR/ RANDON
432,432,441,XMH-9235,VOLVO FH 400,VOVLO
433,433,442,CTA-3532,SR GUERRA,GUERRA
434,434,443,AYF-7746,SCANIA 360,SCANIA
435,435,444,FXX-3353,VOLVO FH 440,VOLVO
436,436,471,VPF-3317,TRAC/C TRATOR,SCANIA
437,437,445,CKL-7011,IVECO FIAT,IVECO
438,438,446,XSO-7575,GUERRA,GUERRA
439,439,447,OJB-2378,VOLVO FH 12380,VOLVO
440,440,448,ANX-0753,TRA C CAB EST,IDAF XF 410
441,441,658,ILX-5915,CARRETA,SR/ GUERRA
442,442,449,WHN-1181,,
443,443,450,JND-2967,CAVALO,IVECO
444,444,451,UBR-4862,,
445,445,452,JGL-2803,,
446,446,453,LKH-4993,CAR CAMINHÃO AB,IVECO
447,447,454,VHR-7769,,
448,448,455,XOP-7182,MERCEDES BENZ,MERCEDES BENZ
449,449,456,FPJ-8380,RANDON,RANDON
450,450,457,JMC-7044,TRAC / NÃO APLICADA,IVECO
451,451,459,YDT-0158,MERCEDES BENZ,MERCEDES BENZA
452,452,458,EFB-6003,NOMA,NOMA
453,453,460,WZO-6641,FACCHINI,FACCHINI
454,454,461,IZI-0570,FACCHINI,FACCHINI
455,455,462,NLK-4970,CAR/ S. REBOQUE  C ABERTA,SR/ GUERRA AG GR
456,456,463,SWT-2067,TRAC/ C TRATOR N/ APL,SCANIA / T121 GA42NZ
457,457,464,YGZ-4515,,
458,458,465,RCS-2381,MERCEDES BENZ,MERCEDES
459,459,467,PXA-4642,IVECO FIART,IVECO
460,460,466,APC-2194,LIBRELATTO,LIBRELATTO
461,461,468,GNP-9438,RANDON,RANDN
462,462,473,OCO-1223,TRA/C TRATOR,VOLVO
463,463,469,DXH-3678,TRAC/ TRATOR,VW/25.390 CTE 6X2
464,464,470,ATB-0615,IVECO DAILY,IVECO
465,465,472,KJJ-2377,CAR/ ABERTA,FORD/ CARGO 2428 E
466,466,474,LZR-0780,CAR S REB. FECHADA,SR / FACCHINI
467,467,475,NXJ-0732,CARRETA,
468,468,476,ONU-4431,,
469,469,477,MMK-6767,SCANIA 112,SCANIA
470,470,478,PIH-2337,GUERRA,GUERRA
471,471,479,EIZ-8823,CAR / S REBOQUE ABERTA,REB RANDON
472,472,480,FVT-2321,TRAC TRATOR,SCANIA
473,473,481,SWV-9054,CAR/ S REBOQUE C FECHADA,SR/ FACCHIN
474,474,482,BMN-4264,TRATOR / CAB EST,SCANIA / R 440A9X2
475,475,483,BIT-0204,IVECO,
476,476,485,JRZ-0724,TRAC C TRAC N APLI,SCANIA/P340A6X2
477,477,486,MWP-3744,CAR. S REBOQUE C ABERTA,SR LIBRELATO
478,478,484,DUC-5903,VW 23.220,
479,479,487,WZV-1703,CAR S REBOQUE,SR GUERRA
480,480,488,NHN-0308,CAR S REBOQUE / C,SCANIA
481,481,489,DBA-9734,CAR/ S REBOQUE / C ABERTA,SR/RANDON SR CA
482,482,490,KLM-5572,VOLVO FH,VOLVO
483,483,491,OEA-4088,SR GUERRA,GUERRA
484,484,492,FOS-4149,SCANIA R113,SCANIA
485,485,493,LAR-5296,RANDON,RANDON
486,486,494,UPB-0380,TRAC CAB EST,SCANIA
487,487,495,EFE-0565,CAR / S REBOQ / BASCULANTE,REB/ NOMA SR
488,488,496,JCE-5857,TRA/C TRAT N APLIC,VOLVO
489,489,497,SRQ-8781,TRAC/ C TRATOR,IVECO
490,490,498,GVY-3853,CAR / SR REBOQUE / ABERTA,DR RANDON
491,491,499,ZTH-6587,TRAC/ TRATOR,VOLVO
492,492,500,FKG-7238,,CAR/ S REBOQUE C. AB
493,493,501,GXU-1814,CAMINHÃO ABERTA,M BENZ
494,494,502,OHE-3708,,
495,495,503,VOD-4974,,
496,496,504,APP-8764,,
497,497,505,BJU-8621,,
498,498,506,DVW-7513,,
499,499,507,UVT-9545,CAR/ ABERTA,SR/ FACCHINI
500,500,508,SFO-7558,TRAC N APLIC,IVECO
501,501,509,GIY-8536,CAR ABERTA,SR LIBRELATTO
502,502,510,PYX-3195,TRUCK,VW/24
503,503,511,UUE-9444,M. BENZ,MERCEDES BENZ
504,504,512,LQI-6534,,VW
505,505,513,SZI-0679,VW 24280,VOLKSWAGEM
506,506,514,CSZ-8364,VW 24280,VOLKSWAGEN
507,507,515,FTE-6346,TRATOR,SCANIA
508,508,516,MWD-3433,CAR/ S REB TANQUE,SR/ TQ2
509,509,518,NXF-6504,FORD CARGO,FORD
510,510,519,HSM-7146,MAN TGX 28.440,VOLKSWAGEM
511,511,520,DNH-5233,SR LIBRELATTO,LIBRELATTO
512,512,517,GPI-9286,CAR/ REB TANQUE,SRT TQ2
513,513,521,IFC-1605,MERCEDES BENZ,MERCEDES BENZ
514,514,522,RJB-3220,FORD CARGO,FORD CARGO
515,515,523,BCC-4163,TRA/C . TRATOR,SCANIA
516,516,524,VUL-6861,TRATOR,MAN / TGX 28.440 6X2
517,517,525,KYV-6448,CAR/ S REB ABERTA,SR/ SOUFER VA 3E
518,518,526,UNT-3049,SR GUERRA,GUERRA
519,519,527,FZJ-2112,SR GUERRA,GUERRA
520,520,528,NPC-0250,TRATOR /C TRATOR,SCANIA
521,521,529,YQF-3270,CAR/ S REBOQUE,SR/ GUERRA AG GR
522,522,530,YBR-8319,VOLVO FH,VOLVO
523,523,531,YHO-1854,,
524,524,532,RCS-2863,SCANIA P 340,SCANIA
525,525,533,JEY-7271,REB. KRONE,KRONE
526,526,534,DII-1813,,SCANIA
527,527,535,HWS-6436,CAR/S REBOQUE,
528,528,536,HKX-3370,TRA/ C TRATOR,VOLVO /FH 440 6X4T
529,529,537,XBT-1475,CAR/ S REBOQUE ABERTA,SR/ LIBRELATO
530,530,538,YWT-4348,TRAC / C TRATOR CAB EST,SCANIA
531,531,539,CGW-0159,CAR / S REBOQUE / C ABERTA,SR RANDON
532,532,540,AOB-7637,,TRAC/ C TRATOR / CAB
533,533,541,QGZ-0664,MERCEDES AXOR,MERCEDES BENZ
534,534,544,JVW-1912,VW24220,VO9LKS
535,535,545,NCP-9900,M. BENZ,MERCEDES BENZ
536,536,542,OWU-0925,FACCHINI,FACCHINI
537,537,543,QBA-9175,M. BENZ,M. BENZ
538,538,546,OJE-3487,SR RANDON,RANDON
539,539,547,GBJ-4285,VOLVO FH,VOLVO
540,540,549,IOM-5036,FORD CARGO,FORD
541,541,548,RXB-6096,SR RANDON,RANDON
542,542,550,TDN-0684,CAR/ RANDON SR,RAMDON
543,543,561,BYU-9257,RODOTECNICA,RODOTECNICA
544,544,551,SVH-6860,TRA / C TRATOR,M. BENZ /AXOR 2540 S
545,545,552,BMQ-7129,TRA/ C TRATOR,VOLVO FH 12380
546,546,553,FWI-4402,CAR/ S REBOQUE,SR GUERRA
547,547,554,WKY-3950,LIBRELATTO,LIBRELATTO
548,548,555,SQR-2884,SR RANDON,RANDON
549,549,556,PTD-6100,FORD,FORS
550,550,557,QLP-1914,FACCHINI,FACCHINI
551,551,558,EOT-9577,CAR S REBOQUE,SR RANDON
552,552,621,IJQ-4093,VW 24250,VOLKSWAGEM
553,553,560,WFJ-9300,TRUCK,VW/23.210 MWM
554,554,559,HTS-4347,TRA/ C TRATOR,SCANIA
555,555,562,PRH-6259,CAR S REBOQUE,SR RANDON
556,556,564,DTK-6855,TRAC / C TRATOR,VOLVO
557,557,565,PWS-3737,TRA/ C TARTOR,VOLVO
558,558,566,TCA-3534,,
559,559,563,BSL-3795,,SCANIA
560,560,567,EOO-4043,,
561,561,568,DYN-0853,TRA/ C TRATOR,VOLVO / FH 2380 4X28
562,562,569,STG-0054,TRA/ C TRATOR,SCANIA
563,563,570,FND-3668,CAR/ S REB,SR/ GUERRA
564,564,571,SHQ-4610,CAR / CAMINHÃO,VOLVO
565,565,572,UJX-8047,TRAC/ C TRATOR,M. BENZ / LS 1634
566,566,573,FEM-3500,CAR/ S REBOQUE,SR/ RANDON SR CA
567,567,574,XMH-9571,TRUK,VOLVO
568,568,575,FHZ-1843,MERCEDES BENZ,MERCEDES
569,569,576,HQT-6393,TRA/C TRATOR,VOLVO
570,570,577,OHG-4460,CAR/ S REBOQUE,SR/ FACCHINI
571,571,578,KUH-5103,M BENZ,MERCEDES
572,572,579,LNB-0463,TRUCK,FORD CARGO 2428 E
573,573,580,NAH-8964,SCANIA G 380 A 4X2,SCANIA
574,574,581,EFT-7539,SR GUERRA,GUERRA
575,575,583,YQX-1045,TRA / C TRATOR,VOLVO FH 440 6X2T
576,576,584,IKM-4493,CAR / S REBOQUE,RANDON
577,577,585,WIM-0061,MAN TGX,MAN
578,578,582,MVV-4801,TRUCK,VW/24250 CNC 6X2
579,579,586,WBG-1893,TRUCK,
580,580,587,VKD-3649,,
581,581,588,WOJ-4396,,
582,582,589,FXH-6760,CAR/ S ABERTA,REB NOMA
583,583,590,DHC-8425,CAR/S ABERTA,SR RANDON
584,584,591,SHA-7319,TRA/C TRATOR  NAO APLICADO,VW/19.320 CLC TT
585,585,592,ZZG-8310,CAR/  REBOQUE,REB RANDON
586,586,593,KOI-5884,TRUCK,I / IVECO
587,587,594,QUK-3334,TRUCK,VOLVO
588,588,595,NOH-0701,TRUCK,FORD/CARGO
589,589,596,LOD-4860,TRUCK,IVECO
590,590,597,RIV-1740,VOLVO FH,VOLVO
591,591,598,IZW-7732,SR RANDON,RANDON
592,592,599,CLO-7884,CARGO,FORD
593,593,600,AOO-2664,SEMI REBOQUE FURGAO,FACCHINI
594,594,601,OWM-7586,CAVALO - TRUCADO,SCANIA
595,595,602,KYM-4129,CAR S REBOQUE '',SR/ LIBERATO
596,596,603,TDN-5480,CAVALO,SCANIA
597,597,604,ENV-6857,VOLVO FH,VOLVO
598,598,605,SDN-2933,CARRETA,SR LIBERATO
599,599,606,IED-1536,M. BENZ,M. BENZ
600,600,607,PVT-4163,SR GUERRA,GUERRA
601,601,608,DGV-2451,TRUCK,VW/23.220
602,602,609,WUS-9438,CAR/ CAMINHÃO,CW/24280
603,603,610,VXA-7920,,
604,604,611,UUZ-7373,RANDON,RANDON
605,605,612,BIG-6797,,
606,606,613,SZC-3369,IVECO,IVECO
607,607,614,FMR-1347,RANDON,RANDON
608,608,616,BDI-9798,SR LIBRELATTO,LIBRELATTO
609,609,617,TCR-9839,RANDON,RANDON
610,610,618,VZV-8387,TRUCK,FORD CARGO
611,611,619,JWI-2760,VW 25420,VOLKSWAGEM
612,612,620,KYV-5779,CARRETA,SR FACCHINI
613,613,622,ZNH-5982,CAR S REBOQUE LIBRELATTO,LIBRELATTO
614,614,623,EGX-1527,THERMOSUL,THERMOSUL
615,615,624,XWR-7566,VW 23220,VOLKSWAGEN
616,616,625,JQR-0890,CAVALO,M BENZ / 1938 S
617,617,626,KVB-0998,CARRETA ABERTA,SR/ NOMA SR3E27 CG
618,618,627,FYY-6450,CAVALO,M. BENZ / ACTROS
619,619,628,KZZ-6307,CARETA ABERTA,SR RANDON
620,620,629,TNZ-3331,CARRETA ABERTA,SR/ RANDON
621,621,630,OYI-0569,CAVALO,SCANIA
622,622,631,ADT-9534,CARRETA ABERTA,SR/ RANDON
623,623,632,IMM-6901,CARRETA ABERTA,SR RANDON
624,624,633,IXE-4025,VOLVO FH 460,VOLVO
625,625,634,AXI-6743,SR GUERRA,GUERRA
626,626,635,OCQ-4809,M. BENZ AXOR 2644,MERCEDES BENZ
627,627,636,FWD-6951,SR GUERRA,SR GUERRA
628,628,637,RWM-0563,SR GUERRA,GUERRA
629,629,638,XYK-2171,IVECO,IVECO
630,630,639,MUT-2794,VW 17220,VOLKS
631,631,640,RSP-9606,FORD CARGO,FORD CARGO
632,632,641,VTK-2453,TRUCK,FORD CARGO 2422 T
633,633,642,ROW-4184,IVECO STRALIS,IVECO
634,634,643,NNO-5603,SR FACCHINI,FACCHINI
635,635,644,FWQ-9582,CAVALO,M. BENZ
636,636,645,OVM-3837,CARRETA ABERTA,SR/ RANDON
637,637,646,MEV-7148,CARRETA ABERTA,SR / RANDON
638,638,647,VPR-0878,CAVALO,VOLVO / FH
639,639,648,SDP-6151,CARRETA,SR GUERRA
640,640,649,HJE-2276,CARRETA,SR GUERRA
641,641,650,XSQ-9298,FORD,FORD
642,642,651,WPV-7512,TRUCK,VOLVO
643,643,652,GCL-9151,IVECO TECTOR,IVECO
644,644,653,SYT-4196,VW 24280,VOLKSWAGEM
645,645,654,UVZ-7038,TRUCK,VOLVO/VM 260 6X2R
646,646,655,HGO-1349,CAVALO,M BENZ
647,647,656,EEP-5336,CARRETA,SR/ RANDON
648,648,659,QTH-5251,CAVALO,VOLVO
649,649,657,LPS-8083,CARRETA,SR RANDON
650,650,660,MIA-9612,ACTROS,M. BENZ
651,651,661,UYX-7087,GUERRA,GUERRA
652,652,662,BNL-1678,GUERRA,GUERRA
653,653,663,FGT-5951,CAVALO,SCANIA P 340A6X2
654,654,678,LZS-0512,CAVALO,SCANIA
655,655,664,LZY-6141,CARRETA ABERTA,SR RANDON
656,656,665,HQL-5085,SR RANDON,RANDON
657,657,666,NDR-7130,M BENZ ATEGO,MERCEDES
658,658,667,HTM-5560,CAVALO,M.BENZ
659,659,668,BYT-9066,CARRETA,SR GUERRA
660,660,669,QQU-6761,CARRETA,SR GUERRA
661,661,670,WXN-3236,TRUCK,M.BENZ / ATEGO 2430
662,662,671,MJP-8149,TRUCK,VOLVO
663,663,672,HEQ-3584,CAVALO,SCANIA
664,664,673,KAO-3700,CARRETA,SR LIBRELATO
665,665,674,KAN-2503,TRUCK,FORD CARGO
666,666,675,NKD-7182,CAVALO,M. BENZ / AXOR
667,667,676,NDU-3880,CARRETA,SR/GUERRA
668,668,677,EOY-1491,CARRETA,SR / GUERRA
669,669,679,VUD-6999,CARRETA,SR / RANDON
670,670,680,XWY-4764,CARRETA,SR/ RANDON
671,671,681,BWD-4533,CAVALO,M.BENZ
672,672,682,CPB-7678,CARRETA,SR/ RANDON
673,673,683,KXX-7845,CARRETA,SR/ RANDON
674,674,684,UXX-3073,CAVALO,VOLVO
675,675,685,GXK-7755,CAVALO,SCANIA
676,676,686,MOP-4799,CARRETA,SR/ RANDON
677,677,687,NQB-4360,CARRETA,SR/ RANDON
678,678,688,VYU-8098,TRUCK,VOLVO
679,679,689,DZX-0776,CAVALO,VOLVO/ FH12 420 4X2T
680,680,690,NNP-5755,CARRETA,SR/  LIBRELATO
681,681,691,REV-7331,TRUCK,M.BENZ
682,682,692,OKI-4141,TRUCK,M.BENZ
683,683,693,CAK-7622,SR GUERRA,GUERRA
684,684,696,HDN-5778,VOLKSWAGEN,23220
685,685,694,URV-6444,CAVALO,SCANIA
686,686,695,ZUW-3358,CARRETA,SR/ GUERRA
687,687,697,AOI-6192,CAVALO,M. BENZ
688,688,698,RHS-2298,CARRETA,SR/ NOMA
689,689,699,FPK-6175,CARRETA, SR/ NOMA
690,690,700,FAX-8476,TRUCK,
691,691,701,VKT-4564,CAVALO,M.BENZ
692,692,702,ZHO-8090,CAVALO,SCANIA
693,693,703,YGY-2830,CARRETA,SR/ GUERRA
694,694,704,CKZ-6616,CAVALO,IVECO
695,695,705,JFR-4565,CARRETA,SR NOMA
696,696,706,MDA-0904,CARRETA, SR/ NOMA
697,697,707,NMR-0216,IVECO STRALIS,IVECO
698,698,708,VMF-0185,SR NOMA,NOMA
699,699,709,NLZ-2455,SR NOMA,NOMA
700,700,710,WTW-6545,CAVALO,VOLVO
701,701,711,OLY-8509,CARRETA,SR LIBRELATTO
702,702,712,NNG-4165,RANDON,RANDON
703,703,713,JEO-8757,,
704,704,714,BWY-7158,,
705,705,715,CJJ-0752,M.BENZ,MERCEDES
706,706,716,QDW-6706,IVECO STRALIS 800,IVECO
707,707,717,JVE-8796,GUERRA,GUERRA
708,708,718,LAA-4581,GUERRA,GUERRA
709,709,719,UNT-9142,MERCEDES BENZ,MERCEDES
710,710,720,KHK-5130,NOMA,NOMA
711,711,721,NBR-5747,NOMA,NOMA
712,712,722,LKW-5862,TRUCK,M. BENZ
713,713,723,PHL-0772,CAVALO,M. BENZ
714,714,724,RDT-4785,CARRETA,SR/ RANDON
715,715,725,FIM-2723,CAVALO,MAN/TGX
716,716,726,WUJ-9389,CARETA,SR/ GUERRA
717,717,727,QAE-8073,CARRETA,SR/GUERRA
718,718,728,REL-2986,CAVALO,SCANIA
719,719,729,VJW-0858,CAVALO,M. BENZ
720,720,730,HNR-6517,CARRETA,SR/ RANDON SR CA
721,721,731,QBY-2217,CARRETA,SR/ RANDON SR CA
722,722,732,VPU-7322,TRUCK,VW/17.220
723,723,733,QLS-7490,CAVALO,VOLVO
724,724,734,YWN-3463,CARRETA,SR/ GUERRA
725,725,735,XRE-9923,CARRETA,SR/GUERRA
726,726,736,CRE-0469,TRUCK,FORD/ CARGO
727,727,737,EOR-1596,GUERRA,GUERRA
728,728,738,ZVB-8128,NOMA,NOMAQ
729,729,739,BQQ-7434,,
730,730,740,QLW-5682,GUERRA,GUERRA
731,731,741,HCP-6731,,
732,732,742,ZWP-2483,CARRETA,SR GUERRA
733,733,743,OFW-8371,CAVALO,M. BENZ
734,734,744,YAV-6291,CARRETA,SR LIBRELATO
735,735,745,HOX-4344,CARRETA,SR LIBRELATTO
736,736,746,YQR-7087,CAVALO,IVECO
737,737,747,SYO-4295,CARRETA,SR / SCHIFFER
738,738,748,AYW-3060,CARRETA,SR/ SCHIFFER C ABERT
739,739,749,LAO-2507,TRUCK,M.BENZ
740,740,750,GGO-5286,24-280,VOLKSWAGEM
741,741,751,EUY-3556,CAVALO,M. BENZ
742,742,752,YBC-5302,M. BENZ ATEGO,MERCEDES
743,743,753,KPY-3820,,
744,744,754,GMD-5773,IVECO STRALIS,IVECO
745,745,755,SFJ-0759,SR RANDON,RANDON
746,746,756,XZV-7168,VOLVO VM 260,VOLVO
747,747,757,JHA-8582,INTERNATIONAL 9800 4X2,SCANIA
748,748,758,ADP-8782,VOLVO FH 500,VOLVO
749,749,759,TVT-6585,SR GUERRA,GUERRA
750,750,760,PXM-7175,VOLVO / FH 460,VOLVO
751,751,761,CEJ-4189,VOLVO FH 460,VOLVO
752,752,762,YZT-5623,VOLVO,VOLVO
753,753,763,UAS-6851,RANDON,RANDON
754,754,764,YJZ-5357,VOLVO FH,VOLVO
755,755,765,ICS-5553,FACCHINI,FACCHINI
756,756,766,SWR-4302,FACCHINI,FACCHINI
757,757,767,BAS-4582,IVECO STRALIS,IVECO
758,758,768,HGN-1419,NOMA,NOMA
759,759,769,UHK-6362,NOMA,NOMA
760,760,770,QJT-6160,SCANIA G 380,SCANIA
761,761,771,WFH-6802,LIBRELATTO,LIBRELATTO
762,762,772,OXJ-0015,VOLVO FH,VOLVO
763,763,773,RAO-1935,RANDON,RANDON
764,764,774,FUA-2587,RANDON DOLLY,RANDON
765,765,775,PRM-2265,RANDON,RANDON
766,766,776,IOZ-1818,VOLVO FH 540,VOLVO
767,767,777,AZZ-4048,RANDON,RANDON
768,768,778,EQX-0301,RANDON DOLLY,RANDON
769,769,779,ZQG-0651,RANDON,RANDON
770,770,780,AAF-5537,MERCEDES BENZ,MERCEDES BENZ
771,771,781,SXV-6307,FACCHINI,FACCHINI
772,772,782,SLY-5121,FACCHINI,FACCHINI
773,773,783,GSL-1237,M. BENZ,MERCEDES BENZ
774,774,784,RGQ-6194,NOMA,NOMA
775,775,785,VOH-9524,NOMA,NOMA
776,776,786,DYO-2962,SCANIA,SCANIA
777,777,787,TIL-7490,TRUCK,VOLVO
778,778,788,KFV-9807,CAVALO,
779,779,789,BIJ-4819,CARRETA,LS 30CS
780,780,790,JUI-2687,CAVALO,SCANIA
781,781,791,QIZ-6706,TRUCK,M. BENZ
782,782,792,YUV-7562,CAVALO TRUCADO,R4406X2
783,783,793,EQL-9714,CARRETA SYDER,FACCHINI
784,784,794,XIZ-5778,CAVALO,VOLVO
785,785,795,WQE-1554,CARRETA,SR LIBRELATO
786,786,796,UCW-4818,TRUCK,VOLVO
787,787,797,YHA-2215,,
788,788,798,GCT-1572,,
789,789,799,VKW-3305,SCANIA,VOLVO
790,790,800,KGD-1845,CAVALO,M. BENZ
791,791,801,IYX-1905,CARRETA,SR/ GUERRA
792,792,802,IOM-3434,CARRETA,SR/ GUERRA
793,793,803,SBG-7248,CAVALO,M.BENZ
794,794,804,KYR-9420,CARRETA,SR/FACHIN
795,795,805,GYW-6902,CARRETA,SR / FACCHINI
796,796,806,XPQ-8221,CAVALO,SCANIA
797,797,807,RMV-0784,CAVALO,VOLVO
798,798,808,ZEA-0544,CARRETA,SR/GUERRA
799,799,809,VHQ-0500,CAVALO,SCANIA
800,800,810,TNA-1677,CARRETA,SR/ LIBRELATTO
801,801,811,FYD-3491,CARRETA,FORD
802,802,812,WMR-2437,CAVALO,
803,803,813,VQX-3194,CARRETA,SR GUERRA
804,804,814,KOW-5238,CARRETA,SR GUERRA
805,805,815,XWP-9308,CAVALO,CAVALO
806,806,816,LGV-9964,CAVALO,M. BENZ
807,807,818,SDJ-3418,CARRETA,SR LIBRELATO
808,808,819,OZX-9481,CAVALO,IVECO
809,809,817,KZR-9451,CAVALO,SCANIA
810,810,820,YZD-1279,IVECO STRALIS,IVECO
811,811,821,WUX-3919,NOMA,NOMA
812,812,822,ILL-7943,NOMA,NOMA
813,813,823,ASA-0172,CAVALO,SCANIA
814,814,824,UWV-4471,CAVALO,SCANIA
815,815,825,IFM-2444,CAVALO,SCANIA
816,816,826,FIM-1689,CAVALO,VOLVO
817,817,827,DKV-4284,CARRETA,SR/ NOMA
818,818,828,BLR-8778,CAVALO,VOLVO
819,819,829,MMI-1216,CAVALO,SCANIA
820,820,830,OWP-9258,TRUCK,FORD/CARGO
821,821,831,NSA-9878,TRUCK,IVECO
822,822,832,IMX-6958,TRUCK,FORD/ CARGO
823,823,833,DOG-8214,CAVALO,VOLVO
824,824,834,TVQ-4051,CAVALO,IVECO
825,825,835,NWP-7663,CARRETA,REB / NOMA
826,826,836,WVN-8878,CAVALO,M.BENZ
827,827,837,XVR-7586,CARRETA,SR/ RANDON
828,828,838,YJC-0777,CAVALO,VOLVO /FH
829,829,839,LHN-2224,CARRETA,SR/ GUERRA
830,830,840,AZH-6765,CAVALO,IVECO
831,831,841,ZNT-7433,TRUCK,TRUCK
832,832,842,NDX-4112,CAVALO,SCANIA
833,833,843,NCY-8493,CAVALO,SCANIA
834,834,844,KVC-6503,CARRETA,SCANIA
835,835,845,NYE-1476,CARRETA,SR/ NOMA
836,836,846,GDW-8427,SCANIA,SCANIA
837,837,847,FUV-7930,GUERRA,GUERRA
838,838,848,QZB-2097,GUERRA,GUERRA
839,839,849,UKB-1511,TRUCK,VOLVO
840,840,850,NKF-0938,TRUCK,VW/17.220
841,841,851,GGB-6873,CAVALO,VOLVO
842,842,852,YQG-8315,CARRETA,SR / GUERRA
843,843,853,EIU-2924,CAVALO,SCANIA
844,844,854,LPP-0764,CARRETA,SR / RANDON
845,845,855,NRG-5960,VOLVO FH,VOLVO
846,846,856,OQY-7430,CAVALO,SCANIA
847,847,857,ZPO-9240,IVECO,IVECO
848,848,858,ULA-1217,MAN/TGX 28.440 6X2 T,MAN/TGX
849,849,859,YMP-1332,CAVALO 2014,M. BENZ
850,850,860,HHV-8936,CARRETA,SR/ GUERRA
851,851,862,VJJ-0168,CAVALO,VOLVO
852,852,861,MGQ-9300,CARRETA,SR/GUERRA
853,853,863,ERU-5769,CARRETA,SR / RANDON
854,854,864,YAV-5849,CAVALO,SCANIA
855,855,865,SFM-9671,CARRETA,SR/ LIBRELATO
856,856,866,CYA-9395,CAVALO,M.BENZ
857,857,867,KVV-3584,CARRETA,R/GUERRA
858,858,868,JMW-3476,CAVALO,DAF/ XF105
859,859,869,YEP-6947,CARRETA,SR/GUERRA
860,860,870,CLQ-1764,TRUCK,M.BENZ
861,861,871,VJE-5059,CAVALO, M.BENZ
862,862,872,QLP-7979,CAVALO,SCANIA
863,863,873,UXY-3175,CARRETA,SR/ RANDON
864,864,874,SRW-9041,CAVALO,IVECO
865,865,875,VUT-5324,CARRETA,SR/ FACCHINI
866,866,876,QYD-1768,VOLVO FH,VOLVO FH
867,867,877,LVW-8804,GUERRA,GUERRA
868,868,878,WIO-8956,CAVALO,M. BENZ / S
869,869,879,KZS-2563,CARRETA,SR/ LIBRELATO
870,870,880,IVC-9334,BITRUCK,ATEGO 3030
871,871,881,YQO-1496,RANDON,RANDON
872,872,882,JDY-7169,CAVALO,SCANIA
873,873,883,DDZ-0602,TRUCK,"VW/24,250"
874,874,884,VIP-3261,TRUCK,M. BENZ
875,875,885,ZLC-7379,CARRETA,SR/ NOMA
876,876,886,QGG-9917,CARRETA,SR NOMA
877,877,888,YKD-0496,BITRUCK,IVECO
878,878,887,WAE-6905,CARRETA,SR/GUERRA
879,879,889,XTR-5666,CARRETA,SR/ GUERRA
880,880,890,STP-4697,CAVALO,IVECO
881,881,891,CTR-3148,CARRETA,SR NOMA
882,882,892,IBS-5997,CARRETA,SR NOMA
883,883,893,RLV-5420,CAVALO,SCANIA
884,884,894,WEU-5790,CARRETA,GUERRA
885,885,895,UOZ-8634,CAVALO, VOLVO / FH
886,886,896,NUK-8357,CARRETA,SR/ RANDON
887,887,897,AFN-3667,CAVALO,M. BENZ
888,888,898,TQB-8735,CAVALO,VOLVO
889,889,899,VRW-2698,CARRETA,SR/GUERRA
890,890,900,MET-7723,CAVALO,VOLVO
891,891,901,TZZ-4830,CARRETA,REB/NOMA
892,892,902,MGG-4082,CAVALO,
893,893,903,GUT-7593,CARRETA,SR/ GUERRA
894,894,904,HLG-3198,CAVALO,SCANIA
895,895,905,NOO-9074,CARRETA ABERTA,SR/ LIBRELATTO
896,896,906,BGQ-1323,CAVALO,SCANIA
897,897,907,LMJ-6317,CARRETA,SR/ RANDON
